{
  "best_fitness": 0.6958018859180629,
  "best_tree": {
    "depth": 4,
    "size": 6,
    "rules": []
  },
  "rule_pool_size": 16,
  "elapsed_sec": 0.14220523834228516,
  "iters": 15
}