{
  "best_fitness": 0.6122082792936911,
  "best_tree": {
    "depth": 4,
    "size": 6,
    "rules": []
  },
  "rule_pool_size": 11,
  "elapsed_sec": 0.09103703498840332,
  "iters": 15
}