{
  "accuracy": 0.5487147914422041,
  "balanced_accuracy": 0.21866566500156198,
  "ece": 0.5460981991688472,
  "depth": 4,
  "n_params": 6,
  "runtime": 0.2212049961090088,
  "dataset": "wine",
  "task": "classification",
  "exp_name": "bandit_lleggo_wine",
  "llm_calls": 6000
}