{
  "best_fitness": 0.5592620348934915,
  "best_tree": {
    "depth": 4,
    "size": 6,
    "rules": []
  },
  "rule_pool_size": 16,
  "elapsed_sec": 22.169525384902954,
  "iters": 15
}