{
  "best_fitness": 0.4458529559593042,
  "best_tree": {
    "depth": 4,
    "size": 6,
    "rules": []
  },
  "rule_pool_size": 5,
  "elapsed_sec": 3.096005916595459,
  "iters": 15
}