{
  "accuracy": 0.9756795422031473,
  "balanced_accuracy": 0.9804580622950225,
  "ece": 3.8913396428206494e-17,
  "depth": 4,
  "n_params": 6,
  "runtime": 3.0818417072296143,
  "dataset": "breast",
  "task": "classification",
  "exp_name": "bandit_breast",
  "llm_calls": 600
}