{
  "best_fitness": 0.7224960383445167,
  "best_tree": {
    "depth": 4,
    "size": 6,
    "rules": []
  },
  "rule_pool_size": 18,
  "elapsed_sec": 0.047280311584472656,
  "iters": 15
}